id,name,team,type
"0","Panini Logo","We Are Panini","logo"
"FWC01","Official Emblem1","FIFA World Cup 2026","fwc_special"
"FWC02","Official Emblem2","FIFA World Cup 2026","fwc_special"
"FWC03","Official Mascots","FIFA World Cup 2026","fwc_special"
"FWC04","Official Slogan","FIFA World Cup 2026","fwc_special"
"FWC05","Official Ball","FIFA World Cup 2026","fwc_special"
"FWC06","Canada","Host Countries and Cities","fwc_special"
"FWC07","Mexico","Host Countries and Cities","fwc_special"
"FWC08","USA","Host Countries and Cities","fwc_special"
"MEX01","Emblem","Mexico","team_badge"
"MEX02","Luis Malagón","Mexico","player"
"MEX03","Johan Vasquez","Mexico","player"
"MEX04","Jorge Sánchez","Mexico","player"
"MEX05","Cesar Montes","Mexico","player"
"MEX06","Jesus Gallardo","Mexico","player"
"MEX07","Israel Reyes","Mexico","player"
"MEX08","Diego Lainez","Mexico","player"
"MEX09","Carlos Rodriguez","Mexico","player"
"MEX10","Edson Alvarez","Mexico","player"
"MEX11","Orbelin Pineda","Mexico","player"
"MEX12","Marcel Ruiz","Mexico","player"
"MEX13","Team Photo","Mexico","player"
"MEX14","Érick Sánchez","Mexico","player"
"MEX15","Hirving Lozano","Mexico","player"
"MEX16","Santiago Giménez","Mexico","player"
"MEX17","Raúl Jiménez","Mexico","player"
"MEX18","Alexis Vega","Mexico","player"
"MEX19","Roberto Alvarado","Mexico","player"
"MEX20","Cesar Huerta","Mexico","player"
"RSA01","Emblem","South Africa","team_badge"
"RSA02","Ronwen Williams","South Africa","player"
"RSA03","Sipho Chaine","South Africa","player"
"RSA04","Aubrey Modiba","South Africa","player"
"RSA05","Samukele Kabini","South Africa","player"
"RSA06","Mbekezeli Mbokazi","South Africa","player"
"RSA07","Khulumani Ndamane","South Africa","player"
"RSA08","Siyabonga Ngezana","South Africa","player"
"RSA09","Khuliso Mudau","South Africa","player"
"RSA10","Nkosinathi Sibisi","South Africa","player"
"RSA11","Teboho Mokoena","South Africa","player"
"RSA12","Thalente Mbatha","South Africa","player"
"RSA13","Team Photo","South Africa","player"
"RSA14","Bathusi Aubaas","South Africa","player"
"RSA15","Yaya Sithole","South Africa","player"
"RSA16","Sipho Mbule","South Africa","player"
"RSA17","Lyle Foster","South Africa","player"
"RSA18","Iqraam Rayners","South Africa","player"
"RSA19","Mohau Nkota","South Africa","player"
"RSA20","Oswin Appollis","South Africa","player"
"KOR01","Emblem","South Korea","team_badge"
"KOR02","Hyeon-woo Jo","South Korea","player"
"KOR03","Seung-Gyu Kim","South Korea","player"
"KOR04","Min-jae Kim","South Korea","player"
"KOR05","Yu-min Cho","South Korea","player"
"KOR06","Young-woo Seol","South Korea","player"
"KOR07","Han-beom Lee","South Korea","player"
"KOR08","Tae-seok Lee","South Korea","player"
"KOR09","Myung-jae Lee","South Korea","player"
"KOR10","Jae-sung Lee","South Korea","player"
"KOR11","In-beom Hwang","South Korea","player"
"KOR12","Kang-in Lee","South Korea","player"
"KOR13","Team Photo","South Korea","player"
"KOR14","Seung-ho Paik","South Korea","player"
"KOR15","Jens Castrop","South Korea","player"
"KOR16","Dongg-yeong Lee","South Korea","player"
"KOR17","Gue-sung Cho","South Korea","player"
"KOR18","Heung-min Son","South Korea","player"
"KOR19","Hee-chan Hwang","South Korea","player"
"KOR20","Hyeon-Gyu Oh","South Korea","player"
"CZE01","Emblem","Czechia","team_badge"
"CZE02","Matej Kovar","Czechia","player"
"CZE03","Jindrich Stanek","Czechia","player"
"CZE04","Ladislav Krejci","Czechia","player"
"CZE05","Vladimir Coufal","Czechia","player"
"CZE06","Jaroslav Zeleny","Czechia","player"
"CZE07","Tomas Holes","Czechia","player"
"CZE08","David Zima","Czechia","player"
"CZE09","Michal Sadilek","Czechia","player"
"CZE10","Lukas Provod","Czechia","player"
"CZE11","Lukas Cerv","Czechia","player"
"CZE12","Tomas Soucek","Czechia","player"
"CZE13","Team Photo","Czechia","player"
"CZE14","Pavel Sulc","Czechia","player"
"CZE15","Matej Vydra","Czechia","player"
"CZE16","Vasil Kusej","Czechia","player"
"CZE17","Tomas Chory","Czechia","player"
"CZE18","Vaclav Cerny","Czechia","player"
"CZE19","Adam Hlozek","Czechia","player"
"CZE20","Patrik Schick","Czechia","player"
"CAN01","Emblem","Canada","team_badge"
"CAN02","Dayne St.Clair","Canada","player"
"CAN03","Alphonso Davies","Canada","player"
"CAN04","Alistair Johnston","Canada","player"
"CAN05","Samuel Adekugbe","Canada","player"
"CAN06","Richie Laryea","Canada","player"
"CAN07","Derek Cornelius","Canada","player"
"CAN08","Moïse Bombito","Canada","player"
"CAN09","Kamal Miller","Canada","player"
"CAN10","Stephen Eustáquio","Canada","player"
"CAN11","Ismaël Koné","Canada","player"
"CAN12","Jonathan Osorio","Canada","player"
"CAN13","Team Photo","Canada","player"
"CAN14","Jacob Shaffelburg","Canada","player"
"CAN15","Mathieu Choinière","Canada","player"
"CAN16","Niko Sigur","Canada","player"
"CAN17","Tajon Buchanan","Canada","player"
"CAN18","Liam Millar","Canada","player"
"CAN19","Cyle Larin","Canada","player"
"CAN20","Jonathan David","Canada","player"
"BIH01","Emblem","Bosnia and Herzegovina","team_badge"
"BIH02","Nikola Vasilj","Bosnia and Herzegovina","player"
"BIH03","Amer Dedic","Bosnia and Herzegovina","player"
"BIH04","Sead Kolasinac","Bosnia and Herzegovina","player"
"BIH05","Tarik Muharemovic","Bosnia and Herzegovina","player"
"BIH06","Nihad Mujakic","Bosnia and Herzegovina","player"
"BIH07","Nikola Katic","Bosnia and Herzegovina","player"
"BIH08","Amir Hadziahmetovic","Bosnia and Herzegovina","player"
"BIH09","Benjamin Tahirovic","Bosnia and Herzegovina","player"
"BIH10","Armin Gigovic","Bosnia and Herzegovina","player"
"BIH11","Ivan Sunjic","Bosnia and Herzegovina","player"
"BIH12","Ivan Basic","Bosnia and Herzegovina","player"
"BIH13","Team Photo","Bosnia and Herzegovina","player"
"BIH14","Dzenis Burnic","Bosnia and Herzegovina","player"
"BIH15","Esmir Bajraktarevic","Bosnia and Herzegovina","player"
"BIH16","Amar Memic","Bosnia and Herzegovina","player"
"BIH17","Ermedin Demirovic","Bosnia and Herzegovina","player"
"BIH18","Edin Dzeko","Bosnia and Herzegovina","player"
"BIH19","Samed Bazdar","Bosnia and Herzegovina","player"
"BIH20","Haris Tabakovic","Bosnia and Herzegovina","player"
"QAT01","Emblem","Qatar","team_badge"
"QAT02","Meshaal Barsham","Qatar","player"
"QAT03","Sultan Albrake","Qatar","player"
"QAT04","Lucas Mendes","Qatar","player"
"QAT05","Homam Ahmed","Qatar","player"
"QAT06","Boualem Khoukhi","Qatar","player"
"QAT07","Pedro Miguel","Qatar","player"
"QAT08","Tarek Salman","Qatar","player"
"QAT09","Mohamed Al-Mannai","Qatar","player"
"QAT10","Karim Boudiaf","Qatar","player"
"QAT11","Assim Madibo","Qatar","player"
"QAT12","Ahmed Fatehi","Qatar","player"
"QAT13","Team Photo","Qatar","player"
"QAT14","Mohammed Waad","Qatar","player"
"QAT15","Abdulaziz Hatem","Qatar","player"
"QAT16","Hassan Al-Haydos","Qatar","player"
"QAT17","Edmilson Junior","Qatar","player"
"QAT18","Akram Hassan Afif","Qatar","player"
"QAT19","Ahmed Al Ganehi","Qatar","player"
"QAT20","Almoez Ali","Qatar","player"
"SUI01","Emblem","Switzerland","team_badge"
"SUI02","Gregor Kobel","Switzerland","player"
"SUI03","Yvon Mvogo","Switzerland","player"
"SUI04","Manuel Akanji","Switzerland","player"
"SUI05","Ricardo Rodriguez","Switzerland","player"
"SUI06","Nico Elvedi","Switzerland","player"
"SUI07","Aurèle Amenda","Switzerland","player"
"SUI08","Silvan Widmer","Switzerland","player"
"SUI09","Granit Xhaka","Switzerland","player"
"SUI10","Denis Zakaria","Switzerland","player"
"SUI11","Remo Freuler","Switzerland","player"
"SUI12","Fabian Rieder","Switzerland","player"
"SUI13","Team Photo","Switzerland","player"
"SUI14","Ardon Jashari","Switzerland","player"
"SUI15","Johan Manzambi","Switzerland","player"
"SUI16","Michel Aebischer","Switzerland","player"
"SUI17","Breel Embolo","Switzerland","player"
"SUI18","Ruben Vargas","Switzerland","player"
"SUI19","Dan Ndoye","Switzerland","player"
"SUI20","Zeki Amdouni","Switzerland","player"
"BRA01","Emblem","Brazil","team_badge"
"BRA02","Alisson","Brazil","player"
"BRA03","Bento","Brazil","player"
"BRA04","Marquinhos","Brazil","player"
"BRA05","Éder Militão","Brazil","player"
"BRA06","Gabriel Magalhães","Brazil","player"
"BRA07","Danilo","Brazil","player"
"BRA08","Wesley","Brazil","player"
"BRA09","Lucas Paquetá","Brazil","player"
"BRA10","Casemiro","Brazil","player"
"BRA11","Bruno Guimarães","Brazil","player"
"BRA12","Luiz Henrique","Brazil","player"
"BRA13","Team Photo","Brazil","player"
"BRA14","Vinicius Júnior","Brazil","player"
"BRA15","Rodrygo","Brazil","player"
"BRA16","João Pedro","Brazil","player"
"BRA17","Matheus Cunha","Brazil","player"
"BRA18","Gabriel Martinelli","Brazil","player"
"BRA19","Raphinha","Brazil","player"
"BRA20","Estévão","Brazil","player"
"MAR01","Emblem","Morocco","team_badge"
"MAR02","Yassine Bounou","Morocco","player"
"MAR03","Munir El Kajoui","Morocco","player"
"MAR04","Achraf Hakimi","Morocco","player"
"MAR05","Noussair Mazraoui","Morocco","player"
"MAR06","Nayef Aguerd","Morocco","player"
"MAR07","Romain Saïss","Morocco","player"
"MAR08","Jawad El Yamiq","Morocco","player"
"MAR09","Adam Masina","Morocco","player"
"MAR10","Sofyan Amrabat","Morocco","player"
"MAR11","Azzedine Ounahi","Morocco","player"
"MAR12","Eliesse Ben Seghir","Morocco","player"
"MAR13","Team Photo","Morocco","player"
"MAR14","Bilal El Khannouss","Morocco","player"
"MAR15","Ismael Saibari","Morocco","player"
"MAR16","Youssef En-Nesyri","Morocco","player"
"MAR17","Abde Ezzalzouli","Morocco","player"
"MAR18","Soufiane Rahimi","Morocco","player"
"MAR19","Brahim Diaz","Morocco","player"
"MAR20","Ayoub El Kaabi","Morocco","player"
"HAI01","Emblem","Haiti","team_badge"
"HAI02","Johny Placide","Haiti","player"
"HAI03","Carlens Arcus","Haiti","player"
"HAI04","Martin Expérience","Haiti","player"
"HAI05","Jean-Kevin Duverne","Haiti","player"
"HAI06","Ricardo Adé","Haiti","player"
"HAI07","Duke Lacroix","Haiti","player"
"HAI08","Garven Metusala","Haiti","player"
"HAI09","Hannes Delcroix","Haiti","player"
"HAI10","Leverton Pierre","Haiti","player"
"HAI11","Danley Jean Jacques","Haiti","player"
"HAI12","Jean-Ricner Bellegarde","Haiti","player"
"HAI13","Team Photo","Haiti","player"
"HAI14","Christopher Attys","Haiti","player"
"HAI15","Derrick Etienne Jr","Haiti","player"
"HAI16","Josue Casimir","Haiti","player"
"HAI17","Ruben Providence","Haiti","player"
"HAI18","Duckens Nazon","Haiti","player"
"HAI19","Louicius Deedson","Haiti","player"
"HAI20","Frantzdy Pierrot","Haiti","player"
"SCO01","Emblem","Scotland","team_badge"
"SCO02","Angus Gunn","Scotland","player"
"SCO03","Jack Hendry","Scotland","player"
"SCO04","Kieran Tierney","Scotland","player"
"SCO05","Aaron Hickey","Scotland","player"
"SCO06","Andrew Robertson","Scotland","player"
"SCO07","Scott McKenna","Scotland","player"
"SCO08","John Souttar","Scotland","player"
"SCO09","Anthony Ralston","Scotland","player"
"SCO10","Grant Hanley","Scotland","player"
"SCO11","Scott McTominay","Scotland","player"
"SCO12","Billy Gilmour","Scotland","player"
"SCO13","Team Photo","Scotland","player"
"SCO14","Lewis Ferguson","Scotland","player"
"SCO15","Ryan Christie","Scotland","player"
"SCO16","Kenny McLean","Scotland","player"
"SCO17","John McGinn","Scotland","player"
"SCO18","Lyndon Dykes","Scotland","player"
"SCO19","Che Adams","Scotland","player"
"SCO20","Ben Gannon-Doak","Scotland","player"
"USA01","Emblem","USA","team_badge"
"USA02","Matt Freese","USA","player"
"USA03","Chris Richards","USA","player"
"USA04","Tim Ream","USA","player"
"USA05","Mark McKenzie","USA","player"
"USA06","Alex Freeman","USA","player"
"USA07","Antonee Robinson","USA","player"
"USA08","Tyler Adams","USA","player"
"USA09","Tanner Tessmann","USA","player"
"USA10","Weston McKenny","USA","player"
"USA11","Christian Roldan","USA","player"
"USA12","Timothy Weah","USA","player"
"USA13","Team Photo","USA","player"
"USA14","Diego Luna","USA","player"
"USA15","Malik Tillman","USA","player"
"USA16","Christian Pulisic","USA","player"
"USA17","Brenden Aaronson","USA","player"
"USA18","Ricardo Pepi","USA","player"
"USA19","Haji Wright","USA","player"
"USA20","Folarin Balogun","USA","player"
"PAR01","Emblem","Paraguay","team_badge"
"PAR02","Roberto Fernandez","Paraguay","player"
"PAR03","Orlando Gill","Paraguay","player"
"PAR04","Gustavo Gomez","Paraguay","player"
"PAR05","Fabián Balbuena","Paraguay","player"
"PAR06","Juan José Cáceres","Paraguay","player"
"PAR07","Omar Alderete","Paraguay","player"
"PAR08","Junior Alonso","Paraguay","player"
"PAR09","Mathías Villasanti","Paraguay","player"
"PAR10","Diego Gomez","Paraguay","player"
"PAR11","Damián Bobadilla","Paraguay","player"
"PAR12","Andres Cubas","Paraguay","player"
"PAR13","Team Photo","Paraguay","player"
"PAR14","Matias Galarza Fonda","Paraguay","player"
"PAR15","Julio Enciso","Paraguay","player"
"PAR16","Alejandro Romero Gamarra","Paraguay","player"
"PAR17","Miguel Almirón","Paraguay","player"
"PAR18","Ramon Sosa","Paraguay","player"
"PAR19","Angel Romero","Paraguay","player"
"PAR20","Antonio Sanabria","Paraguay","player"
"AUS01","Emblem","Australia","team_badge"
"AUS02","Mathew Ryan","Australia","player"
"AUS03","Joe Gauci","Australia","player"
"AUS04","Harry Souttar","Australia","player"
"AUS05","Alessandro Circati","Australia","player"
"AUS06","Jordan Bos","Australia","player"
"AUS07","Aziz Behich","Australia","player"
"AUS08","Cameron Burgess","Australia","player"
"AUS09","Lewis Miller","Australia","player"
"AUS10","Milos Degenek","Australia","player"
"AUS11","Jackson Irvine","Australia","player"
"AUS12","Riley McGree","Australia","player"
"AUS13","Team Photo","Australia","player"
"AUS14","Aiden O'Neill","Australia","player"
"AUS15","Connor Metcalfe","Australia","player"
"AUS16","Patrick Yazbek","Australia","player"
"AUS17","Craig Goodwin","Australia","player"
"AUS18","Kusini Yengi","Australia","player"
"AUS19","Nestory Irankunda","Australia","player"
"AUS20","Mohamed Touré","Australia","player"
"TUR01","Emblem","Türkiye","team_badge"
"TUR02","Ugurcan Cakir","Türkiye","player"
"TUR03","Mert Muldur","Türkiye","player"
"TUR04","Zeki Celik","Türkiye","player"
"TUR05","Abdulkerim Bardakci","Türkiye","player"
"TUR06","Caglar Soyuncu","Türkiye","player"
"TUR07","Merih Demiral","Türkiye","player"
"TUR08","Ferdi Kadioglu","Türkiye","player"
"TUR09","Kaan Ayhan","Türkiye","player"
"TUR10","Ismail Yuksek","Türkiye","player"
"TUR11","Hakan Calhanoglu","Türkiye","player"
"TUR12","Orkun Kokcu","Türkiye","player"
"TUR13","Team Photo","Türkiye","player"
"TUR14","Arda Guler","Türkiye","player"
"TUR15","Irfan Can Kahveci","Türkiye","player"
"TUR16","Yunus Akgun","Türkiye","player"
"TUR17","Can Uzun","Türkiye","player"
"TUR18","Baris Alper Yilmaz","Türkiye","player"
"TUR19","Kerem Akturkoglu","Türkiye","player"
"TUR20","Kenan Yildiz","Türkiye","player"
"GER01","Emblem","Germany","team_badge"
"GER02","Marc-André ter Stegen","Germany","player"
"GER03","Jonathan Tah","Germany","player"
"GER04","David Raum","Germany","player"
"GER05","Nico Schlotterbeck","Germany","player"
"GER06","Antonio Rüdiger","Germany","player"
"GER07","Waldemar Anton","Germany","player"
"GER08","Ridle Baku","Germany","player"
"GER09","Maximilian Mittelstadt","Germany","player"
"GER10","Joshua Kimmich","Germany","player"
"GER11","Florian Wirtz","Germany","player"
"GER12","Felix Nmecha","Germany","player"
"GER13","Team Photo","Germany","player"
"GER14","Leon Goretzka","Germany","player"
"GER15","Jamal Musiala","Germany","player"
"GER16","Serge Gnabry","Germany","player"
"GER17","Kai Havertz","Germany","player"
"GER18","Leroy Sane","Germany","player"
"GER19","Karim Adeyemi","Germany","player"
"GER20","Nick Woltemade","Germany","player"
"GER02s","Marc-André ter Stegen","Germany","player"
"GER03s","Jonathan Tah","Germany","player"
"GER04s","David Raum","Germany","player"
"GER05s","Nico Schlotterbeck","Germany","player"
"GER06s","Antonio Rüdiger","Germany","player"
"GER07s","Waldemar Anton","Germany","player"
"GER08s","Ridle Baku","Germany","player"
"GER09s","Maximilian Mittelstadt","Germany","player"
"GER10s","Joshua Kimmich","Germany","player"
"GER11s","Florian Wirtz","Germany","player"
"GER12s","Felix Nmecha","Germany","player"
"GER14s","Leon Goretzka","Germany","player"
"GER15s","Jamal Musiala","Germany","player"
"GER16s","Serge Gnabry","Germany","player"
"GER17s","Kai Havertz","Germany","player"
"GER18s","Leroy Sane","Germany","player"
"GER19s","Karim Adeyemi","Germany","player"
"GER20s","Nick Woltemade","Germany","player"
"CUW01","Emblem","Curaçao","team_badge"
"CUW02","Eloy Room","Curaçao","player"
"CUW03","Armando Obispo","Curaçao","player"
"CUW04","Sherel Floranus","Curaçao","player"
"CUW05","Jurien Gaari","Curaçao","player"
"CUW06","Joshua Brenet","Curaçao","player"
"CUW07","Roshon Van Eijma","Curaçao","player"
"CUW08","Shurandy Sambo","Curaçao","player"
"CUW09","Livano Comenencia","Curaçao","player"
"CUW10","Godfried Roemeratoe","Curaçao","player"
"CUW11","Juninho Bacuna","Curaçao","player"
"CUW12","Leandro Bacuna","Curaçao","player"
"CUW13","Team Photo","Curaçao","player"
"CUW14","Tahith Chong","Curaçao","player"
"CUW15","Kenji Gorre","Curaçao","player"
"CUW16","Jearl Margaritha","Curaçao","player"
"CUW17","Jurgen Locadia","Curaçao","player"
"CUW18","Jeremy Antonisse","Curaçao","player"
"CUW19","Gervane Kastaneer","Curaçao","player"
"CUW20","Sontje Hansen","Curaçao","player"
"CIV01","Emblem","Ivory Coast","team_badge"
"CIV02","Yahia Fofana","Ivory Coast","player"
"CIV03","Ghislain Konan","Ivory Coast","player"
"CIV04","Wilfried Singo","Ivory Coast","player"
"CIV05","Odilon Kossounou","Ivory Coast","player"
"CIV06","Evan Ndicka","Ivory Coast","player"
"CIV07","Willy Boly","Ivory Coast","player"
"CIV08","Emmanuel Agbadou","Ivory Coast","player"
"CIV09","Ousmane Diomande","Ivory Coast","player"
"CIV10","Franck Kessie","Ivory Coast","player"
"CIV11","Seko Fofana","Ivory Coast","player"
"CIV12","Ibrahim Sangare","Ivory Coast","player"
"CIV13","Team Photo","Ivory Coast","player"
"CIV14","Jean-Philippe Gbamin","Ivory Coast","player"
"CIV15","Amad Diallo","Ivory Coast","player"
"CIV16","Sébastien Haller","Ivory Coast","player"
"CIV17","Simon Adingra","Ivory Coast","player"
"CIV18","Yan Diomande","Ivory Coast","player"
"CIV19","Evann Guessand","Ivory Coast","player"
"CIV20","Oumar Diakite","Ivory Coast","player"
"ECU01","Emblem","Ecuador","team_badge"
"ECU02","Hernán Galíndez","Ecuador","player"
"ECU03","Gonzalo Valle","Ecuador","player"
"ECU04","Piero Hincapié","Ecuador","player"
"ECU05","Pervis Estupiñán","Ecuador","player"
"ECU06","Willian Pacho","Ecuador","player"
"ECU07","Ángelo Preciado","Ecuador","player"
"ECU08","Joel Ordóñez","Ecuador","player"
"ECU09","Moises Caicedo","Ecuador","player"
"ECU10","Alan Franco","Ecuador","player"
"ECU11","Kendry Paez","Ecuador","player"
"ECU12","Pedro Vite","Ecuador","player"
"ECU13","Team Photo","Ecuador","player"
"ECU14","John Yeboah","Ecuador","player"
"ECU15","Leonardo Campana","Ecuador","player"
"ECU16","Gonzalo Plata","Ecuador","player"
"ECU17","Nilson Angulo","Ecuador","player"
"ECU18","Alan Minda","Ecuador","player"
"ECU19","Kevin Rodriguez","Ecuador","player"
"ECU20","Enner Valencia","Ecuador","player"
"NED01","Emblem","Netherlands","team_badge"
"NED02","Bart Verbruggen","Netherlands","player"
"NED03","Virgil van Dijk","Netherlands","player"
"NED04","Micky van de Ven","Netherlands","player"
"NED05","Jurrien Timber","Netherlands","player"
"NED06","Denzel Dumfries","Netherlands","player"
"NED07","Nathan Aké","Netherlands","player"
"NED08","Jeremie Frimpong","Netherlands","player"
"NED09","Jan Paul van Hecke","Netherlands","player"
"NED10","Tijjani Reijnders","Netherlands","player"
"NED11","Ryan Gravenberch","Netherlands","player"
"NED12","Teun Koopmeiners","Netherlands","player"
"NED13","Team Photo","Netherlands","player"
"NED14","Frenkie de Jong","Netherlands","player"
"NED15","Xavi Simons","Netherlands","player"
"NED16","Justin Kluivert","Netherlands","player"
"NED17","Memphis Depay","Netherlands","player"
"NED18","Donyell Malen","Netherlands","player"
"NED19","Wout Weghorst","Netherlands","player"
"NED20","Cody Gakpo","Netherlands","player"
"JPN01","Emblem","Japan","team_badge"
"JPN02","Zion Suzuki","Japan","player"
"JPN03","Henry Heroki Mochizuki","Japan","player"
"JPN04","Ayumu Seko","Japan","player"
"JPN05","Junnosuke Suzuki","Japan","player"
"JPN06","Shogo Taniguchi","Japan","player"
"JPN07","Tsuyoshi Watanabe","Japan","player"
"JPN08","Kaishu Sano","Japan","player"
"JPN09","Yuki Soma","Japan","player"
"JPN10","Ao Tanaka","Japan","player"
"JPN11","Daichi Kamada","Japan","player"
"JPN12","Takefusa Kubo","Japan","player"
"JPN13","Team Photo","Japan","player"
"JPN14","Ritsu Doan","Japan","player"
"JPN15","Keito Nakamura","Japan","player"
"JPN16","Takumi Minamino","Japan","player"
"JPN17","Shuto Machino","Japan","player"
"JPN18","Junya Ito","Japan","player"
"JPN19","Koki Ogawa","Japan","player"
"JPN20","Ayase Ueda","Japan","player"
"SWE01","Emblem","Sweden","team_badge"
"SWE02","Victor Johansson","Sweden","player"
"SWE03","Isak Hien","Sweden","player"
"SWE04","Gabriel Gudmundsson","Sweden","player"
"SWE05","Emil Holm","Sweden","player"
"SWE06","Victor Nilsson Lindelöf","Sweden","player"
"SWE07","Gustaf Lagerbielke","Sweden","player"
"SWE08","Lucas Bergvall","Sweden","player"
"SWE09","Hugo Larsson","Sweden","player"
"SWE10","Jesper Karlström","Sweden","player"
"SWE11","Yasin Ayari","Sweden","player"
"SWE12","Mattias Svanberg","Sweden","player"
"SWE13","Team Photo","Sweden","player"
"SWE14","Daniel Svensson","Sweden","player"
"SWE15","Ken Sema","Sweden","player"
"SWE16","Roony Bardghji","Sweden","player"
"SWE17","Dejan Kulusevski","Sweden","player"
"SWE18","Anthony Elanga","Sweden","player"
"SWE19","Alexander Isak","Sweden","player"
"SWE20","Viktor Gyökeres","Sweden","player"
"TUN01","Emblem","Tunisia","team_badge"
"TUN02","Bechir Ben Said","Tunisia","player"
"TUN03","Aymen Dahmen","Tunisia","player"
"TUN04","Yan Valery","Tunisia","player"
"TUN05","Montassar Talbi","Tunisia","player"
"TUN06","Yassine Meriah","Tunisia","player"
"TUN07","Ali Abdi","Tunisia","player"
"TUN08","Dylan Bronn","Tunisia","player"
"TUN09","Ellyes Skhiri","Tunisia","player"
"TUN10","Aissa Laidouni","Tunisia","player"
"TUN11","Ferjani Sassi","Tunisia","player"
"TUN12","Mohamed Ali Ben Romdhane","Tunisia","player"
"TUN13","Team Photo","Tunisia","player"
"TUN14","Hannibal Mejbri","Tunisia","player"
"TUN15","Elias Achouri","Tunisia","player"
"TUN16","Elias Saad","Tunisia","player"
"TUN17","Hazem Mastouri","Tunisia","player"
"TUN18","Ismael Gharbi","Tunisia","player"
"TUN19","Sayfallah Ltaief","Tunisia","player"
"TUN20","Naim Sliti","Tunisia","player"
"BEL01","Emblem","Belgium","team_badge"
"BEL02","Thibaut Courtois","Belgium","player"
"BEL03","Arthur Theate","Belgium","player"
"BEL04","Timothy Castagne","Belgium","player"
"BEL05","Zeno Debast","Belgium","player"
"BEL06","Brandon Mechele","Belgium","player"
"BEL07","Maxim De Cuyper","Belgium","player"
"BEL08","Thomas Meunier","Belgium","player"
"BEL09","Youri Tielemans","Belgium","player"
"BEL10","Amadou Onana","Belgium","player"
"BEL11","Nicolas Raskin","Belgium","player"
"BEL12","Alexis Saelemaekers","Belgium","player"
"BEL13","Team Photo","Belgium","player"
"BEL14","Hans Vanaken","Belgium","player"
"BEL15","Kevin De Bruyne","Belgium","player"
"BEL16","Jérémy Doku","Belgium","player"
"BEL17","Charles De Ketelaere","Belgium","player"
"BEL18","Leandro Trossard","Belgium","player"
"BEL19","Loïs Openda","Belgium","player"
"BEL20","Romelu Lukaku","Belgium","player"
"BEL02s","Thibaut Courtois","Belgium","player"
"BEL03s","Arthur Theate","Belgium","player"
"BEL04s","Timothy Castagne","Belgium","player"
"BEL05s","Zeno Debast","Belgium","player"
"BEL06s","Brandon Mechele","Belgium","player"
"BEL07s","Maxim De Cuyper","Belgium","player"
"BEL08s","Thomas Meunier","Belgium","player"
"BEL09s","Youri Tielemans","Belgium","player"
"BEL10s","Amadou Onana","Belgium","player"
"BEL11s","Nicolas Raskin","Belgium","player"
"BEL12s","Alexis Saelemaekers","Belgium","player"
"BEL14s","Hans Vanaken","Belgium","player"
"BEL15s","Kevin De Bruyne","Belgium","player"
"BEL16s","Jérémy Doku","Belgium","player"
"BEL17s","Charles De Ketelaere","Belgium","player"
"BEL18s","Leandro Trossard","Belgium","player"
"BEL19s","Loïs Openda","Belgium","player"
"BEL20s","Romelu Lukaku","Belgium","player"
"EGY01","Emblem","Egypt","team_badge"
"EGY02","Mohamed El Shenawy","Egypt","player"
"EGY03","Mohamed Hany","Egypt","player"
"EGY04","Mohamed Hamdy","Egypt","player"
"EGY05","Yasser Ibrahim","Egypt","player"
"EGY06","Khaled Sobhi","Egypt","player"
"EGY07","Ramy Rabia","Egypt","player"
"EGY08","Hossam Abdelmaguid","Egypt","player"
"EGY09","Ahmed Fatouh","Egypt","player"
"EGY10","Marwan Attia","Egypt","player"
"EGY11","Zizo","Egypt","player"
"EGY12","Hamdy Fathy","Egypt","player"
"EGY13","Team Photo","Egypt","player"
"EGY14","Mohamed Lasheen","Egypt","player"
"EGY15","Emam Ashour","Egypt","player"
"EGY16","Osama Faisal","Egypt","player"
"EGY17","Mohamed Salah","Egypt","player"
"EGY18","Mostafa Mohamed","Egypt","player"
"EGY19","Trezeguet","Egypt","player"
"EGY20","Omar Marmoush","Egypt","player"
"IRN01","Emblem","Iran","team_badge"
"IRN02","Alireza Beiranvand","Iran","player"
"IRN03","Morteza Pouraliganji","Iran","player"
"IRN04","Ehsan Hajsafi","Iran","player"
"IRN05","Milad Mohammadi","Iran","player"
"IRN06","Shojae Khalilzadeh","Iran","player"
"IRN07","Ramin Rezaeian","Iran","player"
"IRN08","Hossein Kanaani","Iran","player"
"IRN09","Sadegh Moharrami","Iran","player"
"IRN10","Saleh Hardani","Iran","player"
"IRN11","Saeed Ezatolahi","Iran","player"
"IRN12","Saman Ghoddos","Iran","player"
"IRN13","Team Photo","Iran","player"
"IRN14","Omid Noorafkan","Iran","player"
"IRN15","Roozbeh Cheshmi","Iran","player"
"IRN16","Mohammad Mohebi","Iran","player"
"IRN17","Sardar Azmoun","Iran","player"
"IRN18","Mehdi Taremi","Iran","player"
"IRN19","Alireza Jahanbakhsh","Iran","player"
"IRN20","Ali Gholizadeh","Iran","player"
"NZL01","Emblem","New Zealand","team_badge"
"NZL02","Max Crocombe","New Zealand","player"
"NZL03","Alex Paulsen","New Zealand","player"
"NZL04","Michael Boxall","New Zealand","player"
"NZL05","Liberato Cacace","New Zealand","player"
"NZL06","Tim Payne","New Zealand","player"
"NZL07","Tyler Bindon","New Zealand","player"
"NZL08","Francis de Vries","New Zealand","player"
"NZL09","Finn Surman","New Zealand","player"
"NZL10","Joe Bell","New Zealand","player"
"NZL11","Sarpreet Singh","New Zealand","player"
"NZL12","Ryan Thomas","New Zealand","player"
"NZL13","Team Photo","New Zealand","player"
"NZL14","Matthew Garbett","New Zealand","player"
"NZL15","Marko Stamenić","New Zealand","player"
"NZL16","Ben Old","New Zealand","player"
"NZL17","Chris Wood","New Zealand","player"
"NZL18","Elijah Just","New Zealand","player"
"NZL19","Callum McCowatt","New Zealand","player"
"NZL20","Kosta Barbarouses","New Zealand","player"
"ESP01","Emblem","Spain","team_badge"
"ESP02","Unai Simon","Spain","player"
"ESP03","Robin Le Normand","Spain","player"
"ESP04","Aymeric Laporte","Spain","player"
"ESP05","Dean Huijsen","Spain","player"
"ESP06","Pedro Porro","Spain","player"
"ESP07","Dani Carvajal","Spain","player"
"ESP08","Marc Cucurella","Spain","player"
"ESP09","Martín Zubimendi","Spain","player"
"ESP10","Rodri","Spain","player"
"ESP11","Pedri","Spain","player"
"ESP12","Fabian Ruiz","Spain","player"
"ESP13","Team Photo","Spain","player"
"ESP14","Mikel Merino","Spain","player"
"ESP15","Lamine Yamal","Spain","player"
"ESP16","Dani Olmo","Spain","player"
"ESP17","Nico Williams","Spain","player"
"ESP18","Ferran Torres","Spain","player"
"ESP19","Álvaro Morata","Spain","player"
"ESP20","Mikel Oyarzabal","Spain","player"
"CPV01","Emblem","Cape Verde","team_badge"
"CPV02","Vozinha","Cape Verde","player"
"CPV03","Logan Costa","Cape Verde","player"
"CPV04","Pico","Cape Verde","player"
"CPV05","Diney","Cape Verde","player"
"CPV06","Steven Moreira","Cape Verde","player"
"CPV07","Wagner Pina","Cape Verde","player"
"CPV08","Joao Paulo","Cape Verde","player"
"CPV09","Yannick Semedo","Cape Verde","player"
"CPV10","Kevin Pina","Cape Verde","player"
"CPV11","Patrick Andrade","Cape Verde","player"
"CPV12","Jamiro Monteiro","Cape Verde","player"
"CPV13","Team Photo","Cape Verde","player"
"CPV14","Deroy Duarte","Cape Verde","player"
"CPV15","Garry Rodrigues","Cape Verde","player"
"CPV16","Jovane Cabral","Cape Verde","player"
"CPV17","Ryan Mendes","Cape Verde","player"
"CPV18","Dailon Livramento","Cape Verde","player"
"CPV19","Willy Semedo","Cape Verde","player"
"CPV20","Bebe","Cape Verde","player"
"KSA01","Emblem","Saudi Arabia","team_badge"
"KSA02","Nawaf Alaqidi","Saudi Arabia","player"
"KSA03","Abdulrahman Al-Sanbi","Saudi Arabia","player"
"KSA04","Saud Abdulhamid","Saudi Arabia","player"
"KSA05","Nawaf Bouwashl","Saudi Arabia","player"
"KSA06","Jihad Thakri","Saudi Arabia","player"
"KSA07","Moteb Al-Harbi","Saudi Arabia","player"
"KSA08","Hassan Altambakti","Saudi Arabia","player"
"KSA09","Musab Aljuwayr","Saudi Arabia","player"
"KSA10","Ziyad Aljohani","Saudi Arabia","player"
"KSA11","Abdullah Alkhaibari","Saudi Arabia","player"
"KSA12","Nasser Aldawsari","Saudi Arabia","player"
"KSA13","Team Photo","Saudi Arabia","player"
"KSA14","Saleh Abu Alshamat","Saudi Arabia","player"
"KSA15","Marwan Alsahafi","Saudi Arabia","player"
"KSA16","Salem Aldawsari","Saudi Arabia","player"
"KSA17","Abdulrahman Al-Aboud","Saudi Arabia","player"
"KSA18","Feras Akbrikan","Saudi Arabia","player"
"KSA19","Saleh Alshehri","Saudi Arabia","player"
"KSA20","Abdullah Al-Hamdan","Saudi Arabia","player"
"URU01","Emblem","Uruguay","team_badge"
"URU02","Sergio Rochet","Uruguay","player"
"URU03","Santiago Mele","Uruguay","player"
"URU04","Ronald Araujo","Uruguay","player"
"URU05","José María Giménez","Uruguay","player"
"URU06","Sebastian Caceres","Uruguay","player"
"URU07","Mathias Olivera","Uruguay","player"
"URU08","Guillermo Varela","Uruguay","player"
"URU09","Nahitan Nandez","Uruguay","player"
"URU10","Federico Valverde","Uruguay","player"
"URU11","Giorgian De Arrascaeta","Uruguay","player"
"URU12","Rodrigo Bentancur","Uruguay","player"
"URU13","Team Photo","Uruguay","player"
"URU14","Manuel Ugarte","Uruguay","player"
"URU15","Nicolás de la Cruz","Uruguay","player"
"URU16","Maxi Araujo","Uruguay","player"
"URU17","Darwin Núñez","Uruguay","player"
"URU18","Federico Viñas","Uruguay","player"
"URU19","Rodrigo Aguirre","Uruguay","player"
"URU20","Facundo Pellistri","Uruguay","player"
"FRA01","Emblem","France","team_badge"
"FRA02","Mike Maignan","France","player"
"FRA03","Theo Hernandez","France","player"
"FRA04","William Saliba","France","player"
"FRA05","Jules Kounde","France","player"
"FRA06","Ibrahima Konate","France","player"
"FRA07","Dayot Upamecano","France","player"
"FRA08","Lucas Digne","France","player"
"FRA09","Aurélien Tchouaméni","France","player"
"FRA10","Eduardo Camavinga","France","player"
"FRA11","Manu Kone","France","player"
"FRA12","Adrien Rabiot","France","player"
"FRA13","Team Photo","France","player"
"FRA14","Michael Olise","France","player"
"FRA15","Ousmane Dembele","France","player"
"FRA16","Bradley Barcola","France","player"
"FRA17","Désiré Doué","France","player"
"FRA18","Kingsley Coman","France","player"
"FRA19","Hugo Ekitike","France","player"
"FRA02s","Mike Maignan","France","player"
"FRA03s","Theo Hernandez","France","player"
"FRA04s","William Saliba","France","player"
"FRA05s","Jules Kounde","France","player"
"FRA06s","Ibrahima Konate","France","player"
"FRA07s","Dayot Upamecano","France","player"
"FRA08s","Lucas Digne","France","player"
"FRA09s","Aurélien Tchouaméni","France","player"
"FRA10s","Eduardo Camavinga","France","player"
"FRA11s","Manu Kone","France","player"
"FRA12s","Adrien Rabiot","France","player"
"FRA14s","Michael Olise","France","player"
"FRA15s","Ousmane Dembele","France","player"
"FRA16s","Bradley Barcola","France","player"
"FRA17s","Désiré Doué","France","player"
"FRA18s","Kingsley Coman","France","player"
"FRA19s","Hugo Ekitike","France","player"
"FRA20","Kylian Mbappe","France","player"
"FRA20s","Kylian Mbappe","France","player"
"SEN01","Emblem","Senegal","team_badge"
"SEN02","Édouard Mendy","Senegal","player"
"SEN03","Yehvann Diouf","Senegal","player"
"SEN04","Moussa Niakhaté","Senegal","player"
"SEN05","Abdoulaye Seck","Senegal","player"
"SEN06","Ismail Jakobs","Senegal","player"
"SEN07","El Hadji Malick Diouf","Senegal","player"
"SEN08","Kalidou Koulibaly","Senegal","player"
"SEN09","Idrissa Gana Gueye","Senegal","player"
"SEN10","Pape Matar Sarr","Senegal","player"
"SEN11","Pape Gueye","Senegal","player"
"SEN12","Habib Diarra","Senegal","player"
"SEN13","Team Photo","Senegal","player"
"SEN14","Lamine Camara","Senegal","player"
"SEN15","Sadio Mane","Senegal","player"
"SEN16","Ismaïla Sarr","Senegal","player"
"SEN17","Boulaye Dia","Senegal","player"
"SEN18","Iliman Ndiaye","Senegal","player"
"SEN19","Nicolas Jackson","Senegal","player"
"SEN20","Krepin Diatta","Senegal","player"
"IRQ01","Emblem","Iraq","team_badge"
"IRQ02","Jalal Hassan","Iraq","player"
"IRQ03","Rebin Sulaka","Iraq","player"
"IRQ04","Hussein Ali","Iraq","player"
"IRQ05","Akam Hashem","Iraq","player"
"IRQ06","Merchas Doski","Iraq","player"
"IRQ07","Zaid Tahseen","Iraq","player"
"IRQ08","Manaf Younis","Iraq","player"
"IRQ09","Zidane Iqbal","Iraq","player"
"IRQ10","Amir Al-Ammari","Iraq","player"
"IRQ11","Ibrahim Bavesh","Iraq","player"
"IRQ12","Ali Jasim","Iraq","player"
"IRQ13","Team Photo","Iraq","player"
"IRQ14","Youssef Amyn","Iraq","player"
"IRQ15","Aimar Sher","Iraq","player"
"IRQ16","Marko Farji","Iraq","player"
"IRQ17","Osama Rashid","Iraq","player"
"IRQ18","Ali Al-Hamadi","Iraq","player"
"IRQ19","Aymen Hussein","Iraq","player"
"IRQ20","Mohanad Ali","Iraq","player"
"NOR01","Emblem","Norway","team_badge"
"NOR02","Orjan Nyland","Norway","player"
"NOR03","Julian Ryerson","Norway","player"
"NOR04","Leo Ostigård","Norway","player"
"NOR05","Kristoffer Vassbakk Ajer","Norway","player"
"NOR06","Marcus Holmgren Pedersen","Norway","player"
"NOR07","David Møller Wolfe","Norway","player"
"NOR08","Torbjørn Heggem","Norway","player"
"NOR09","Morten Thorsby","Norway","player"
"NOR10","Martin Ødegaard","Norway","player"
"NOR11","Sander Berge","Norway","player"
"NOR12","Andreas Schjelderup","Norway","player"
"NOR13","Team Photo","Norway","player"
"NOR14","Patrick Berg","Norway","player"
"NOR15","Erling Haaland","Norway","player"
"NOR16","Alexander Sørloth","Norway","player"
"NOR17","Aron Dønnum","Norway","player"
"NOR18","Jorgen Strand Larsen","Norway","player"
"NOR19","Antonio Nusa","Norway","player"
"NOR20","Oscar Bobb","Norway","player"
"ARG01","Emblem","Argentina","team_badge"
"ARG02","Emiliano Martinez","Argentina","player"
"ARG03","Nahuel Molina","Argentina","player"
"ARG04","Cristian Romero","Argentina","player"
"ARG05","Nicolas Otamendi","Argentina","player"
"ARG06","Nicolas Tagliafico","Argentina","player"
"ARG07","Leonardo Balerdi","Argentina","player"
"ARG08","Enzo Fernandez","Argentina","player"
"ARG09","Alexis Mac Allister","Argentina","player"
"ARG10","Rodrigo De Paul","Argentina","player"
"ARG11","Exequiel Palacios","Argentina","player"
"ARG12","Leandro Paredes","Argentina","player"
"ARG13","Team Photo","Argentina","player"
"ARG14","Nico Paz","Argentina","player"
"ARG15","Franco Mastantuono","Argentina","player"
"ARG16","Nico Gonzalez","Argentina","player"
"ARG17","Lionel Messi","Argentina","player"
"ARG18","Lautaro Martinez","Argentina","player"
"ARG19","Julian Alvarez","Argentina","player"
"ARG20","Giuliano Simeone","Argentina","player"
"ALG01","Emblem","Algeria","team_badge"
"ALG02","Alexis Guendouz","Algeria","player"
"ALG03","Ramy Bensebaini","Algeria","player"
"ALG04","Youcef Atal","Algeria","player"
"ALG05","Rayan Aït-Nouri","Algeria","player"
"ALG06","Mohamed Amine Tougai","Algeria","player"
"ALG07","Aïssa Mandi","Algeria","player"
"ALG08","Ismael Bennacer","Algeria","player"
"ALG09","Houssem Aouar","Algeria","player"
"ALG10","Hicham Boudaoui","Algeria","player"
"ALG11","Ramiz Zerrouki","Algeria","player"
"ALG12","Nabil Bentaleb","Algeria","player"
"ALG13","Team Photo","Algeria","player"
"ALG14","Farés Chaibi","Algeria","player"
"ALG15","Riyad Mahrez","Algeria","player"
"ALG16","Said Benrahma","Algeria","player"
"ALG17","Anis Hadj Moussa","Algeria","player"
"ALG18","Amine Gouiri","Algeria","player"
"ALG19","Baghdad Bounedjah","Algeria","player"
"ALG20","Mohammed Amoura","Algeria","player"
"AUT01","Emblem","Austria","team_badge"
"AUT02","Alexander Schlager","Austria","player"
"AUT03","Patrick Pentz","Austria","player"
"AUT04","David Alaba","Austria","player"
"AUT05","Kevin Danso","Austria","player"
"AUT06","Philipp Lienhart","Austria","player"
"AUT07","Stefan Posch","Austria","player"
"AUT08","Phillipp Mwene","Austria","player"
"AUT09","Alexander Prass","Austria","player"
"AUT10","Xaver Schlager","Austria","player"
"AUT11","Marcel Sabitzer","Austria","player"
"AUT12","Konrad Laimer","Austria","player"
"AUT13","Team Photo","Austria","player"
"AUT14","Florian Grillitsch","Austria","player"
"AUT15","Nicolas Seiwald","Austria","player"
"AUT16","Romano Schmid","Austria","player"
"AUT17","Patrick Wimmer","Austria","player"
"AUT18","Christoph Baumgartner","Austria","player"
"AUT19","Michael Gregoritsch","Austria","player"
"AUT20","Marko Arnautović","Austria","player"
"JOR01","Emblem","Jordan","team_badge"
"JOR02","Yazeed Abulaila","Jordan","player"
"JOR03","Ihsan Haddad","Jordan","player"
"JOR04","Mohammad Abu Hashish","Jordan","player"
"JOR05","Yazan Al-Arab","Jordan","player"
"JOR06","Abdallah Nasib","Jordan","player"
"JOR07","Saleem Obaid","Jordan","player"
"JOR08","Mohammad Abualnadi","Jordan","player"
"JOR09","Ibrahim Saadeh","Jordan","player"
"JOR10","Nizar Al-Rashdan","Jordan","player"
"JOR11","Noor Al-Rawabdeh","Jordan","player"
"JOR12","Mohannad Abu Taha","Jordan","player"
"JOR13","Team Photo","Jordan","player"
"JOR14","Amer Jamous","Jordan","player"
"JOR15","Musa Al-Taamari","Jordan","player"
"JOR16","Yazan Al-Naimat","Jordan","player"
"JOR17","Mahmoud Al-Mardi","Jordan","player"
"JOR18","Ali Olwan","Jordan","player"
"JOR19","Mohammad Abu Zrayq","Jordan","player"
"JOR20","Ibrahim Sabra","Jordan","player"
"POR01","Emblem","Portugal","team_badge"
"POR02","Diogo Costa","Portugal","player"
"POR03","José Sá","Portugal","player"
"POR04","Ruben Dias","Portugal","player"
"POR05","João Cancelo","Portugal","player"
"POR06","Diogo Dalot","Portugal","player"
"POR07","Nuno Mendes","Portugal","player"
"POR08","Gonçalo Inácio","Portugal","player"
"POR09","Bernardo Silva","Portugal","player"
"POR10","Bruno Fernandes","Portugal","player"
"POR11","Ruben Neves","Portugal","player"
"POR12","Vitinha","Portugal","player"
"POR13","Team Photo","Portugal","player"
"POR14","João Neves","Portugal","player"
"POR15","Cristiano Ronaldo","Portugal","player"
"POR16","Francisco Trincao","Portugal","player"
"POR17","João Felix","Portugal","player"
"POR18","Gonçalo Ramos","Portugal","player"
"POR19","Pedro Neto","Portugal","player"
"POR20","Rafael Leão","Portugal","player"
"COD01","Emblem","Congo DR","team_badge"
"COD02","Lionel Mpasi-Nzau","Congo DR","player"
"COD03","Aaron Wan-Bissaka","Congo DR","player"
"COD04","Axel Tuanzebe","Congo DR","player"
"COD05","Arthur Masuaku","Congo DR","player"
"COD06","Chancel Mbemba","Congo DR","player"
"COD07","Joris Kayembe","Congo DR","player"
"COD08","Charles Pickel","Congo DR","player"
"COD09","Ngal'ayel Mukau","Congo DR","player"
"COD10","Edo Kayembe","Congo DR","player"
"COD11","Samuel Moutoussamy","Congo DR","player"
"COD12","Noah Sadiki","Congo DR","player"
"COD13","Team Photo","Congo DR","player"
"COD14","Théo Bongonda","Congo DR","player"
"COD15","Meschak Elia","Congo DR","player"
"COD16","Yoane Wissa","Congo DR","player"
"COD17","Brian Cipenga","Congo DR","player"
"COD18","Fiston Mayele","Congo DR","player"
"COD19","Cédric Bakambu","Congo DR","player"
"COD20","Nathanaël Mbuku","Congo DR","player"
"UZB01","Emblem","Uzbekistan","team_badge"
"UZB02","Utkir Yusupov","Uzbekistan","player"
"UZB03","Farrukh Savfiev","Uzbekistan","player"
"UZB04","Sherzod Nasrullaev","Uzbekistan","player"
"UZB05","Umar Eshmurodov","Uzbekistan","player"
"UZB06","Husniddin Aliqulov","Uzbekistan","player"
"UZB07","Rustamjon Ashurmatov","Uzbekistan","player"
"UZB08","Khojiakbar Alijonov","Uzbekistan","player"
"UZB09","Abdukodir Khusanov","Uzbekistan","player"
"UZB10","Odiljon Hamrobekov","Uzbekistan","player"
"UZB11","Otabek Shukurov","Uzbekistan","player"
"UZB12","Jamshid Iskanderov","Uzbekistan","player"
"UZB13","Team Photo","Uzbekistan","player"
"UZB14","Azizbek Turgunboev","Uzbekistan","player"
"UZB15","Khojimat Erkinov","Uzbekistan","player"
"UZB16","Eldor Shomurodov","Uzbekistan","player"
"UZB17","Oston Urunov","Uzbekistan","player"
"UZB18","Jaloliddin Masharipov","Uzbekistan","player"
"UZB19","Igor Sergeev","Uzbekistan","player"
"UZB20","Abbosbek Fayzullaev","Uzbekistan","player"
"COL01","Emblem","Colombia","team_badge"
"COL02","Camilo Vargas","Colombia","player"
"COL03","David Ospina","Colombia","player"
"COL04","Dávinson Sánchez","Colombia","player"
"COL05","Yerry Mina","Colombia","player"
"COL06","Daniel Munoz","Colombia","player"
"COL07","Johan Mojica","Colombia","player"
"COL08","Jhon Lucumí","Colombia","player"
"COL09","Santiago Arias","Colombia","player"
"COL10","Jefferson Lerma","Colombia","player"
"COL11","Kevin Castaño","Colombia","player"
"COL12","Richard Rios","Colombia","player"
"COL13","Team Photo","Colombia","player"
"COL14","James Rodriguez","Colombia","player"
"COL15","Juan Fernando Quintero","Colombia","player"
"COL16","Jorge Carrascal","Colombia","player"
"COL17","Jhon Arias","Colombia","player"
"COL18","Jhon Cordova","Colombia","player"
"COL19","Luis Suarez","Colombia","player"
"COL20","Luis Diaz","Colombia","player"
"ENG01","Emblem","England","team_badge"
"ENG02","Jordan Pickford","England","player"
"ENG03","John Stones","England","player"
"ENG04","Marc Guéhi","England","player"
"ENG05","Ezri Konsa","England","player"
"ENG06","Trent Alexander-Arnold","England","player"
"ENG07","Reece James","England","player"
"ENG08","Dan Burn","England","player"
"ENG09","Jordan Henderson","England","player"
"ENG10","Declan Rice","England","player"
"ENG11","Jude Bellingham","England","player"
"ENG12","Cole Palmer","England","player"
"ENG13","Team Photo","England","player"
"ENG14","Morgan Rogers","England","player"
"ENG15","Anthony Gordon","England","player"
"ENG16","Phil Foden","England","player"
"ENG17","Bukayo Saka","England","player"
"ENG18","Harry Kane","England","player"
"ENG19","Marcus Rashford","England","player"
"ENG20","Ollie Watkins","England","player"
"CRO01","Emblem","Croatia","team_badge"
"CRO02","Dominik Livaković","Croatia","player"
"CRO03","Duje Caleta-Car","Croatia","player"
"CRO04","Josko Gvardiol","Croatia","player"
"CRO05","Josip Stanišić","Croatia","player"
"CRO06","Luka Vušković","Croatia","player"
"CRO07","Josip Sutalo","Croatia","player"
"CRO08","Kristijan Jakic","Croatia","player"
"CRO09","Luka Modrić","Croatia","player"
"CRO10","Mateo Kovacic","Croatia","player"
"CRO11","Martin Baturina","Croatia","player"
"CRO12","Lovro Majer","Croatia","player"
"CRO13","Team Photo","Croatia","player"
"CRO14","Mario Pasalic","Croatia","player"
"CRO15","Petar Sucic","Croatia","player"
"CRO16","Ivan Perišić","Croatia","player"
"CRO17","Marco Pasalic","Croatia","player"
"CRO18","Ante Budimir","Croatia","player"
"CRO19","Andrej Kramarić","Croatia","player"
"CRO20","Franjo Ivanovic","Croatia","player"
"GHA01","Emblem","Ghana","team_badge"
"GHA02","Lawrence Ati Zigi","Ghana","player"
"GHA03","Tariq Lamptey","Ghana","player"
"GHA04","Mohammed Salisu","Ghana","player"
"GHA05","Alidu Seidu","Ghana","player"
"GHA06","Alexander Djiku","Ghana","player"
"GHA07","Gideon Mensah","Ghana","player"
"GHA08","Caleb Yirenkyi","Ghana","player"
"GHA09","Abdul Issahaku Fatawu","Ghana","player"
"GHA10","Thomas Partey","Ghana","player"
"GHA11","Salis Abdul Samed","Ghana","player"
"GHA12","Kamaldeen Sulemana","Ghana","player"
"GHA13","Team Photo","Ghana","player"
"GHA14","Mohammed Kudus","Ghana","player"
"GHA15","Inaki Williams","Ghana","player"
"GHA16","Jordan Ayew","Ghana","player"
"GHA17","André Ayew","Ghana","player"
"GHA18","Joseph Paintsil","Ghana","player"
"GHA19","Osman Bukari","Ghana","player"
"GHA20","Antoine Semenyo","Ghana","player"
"PAN01","Emblem","Panama","team_badge"
"PAN02","Orlando Mosquera","Panama","player"
"PAN03","Luis Mejia","Panama","player"
"PAN04","Fidel Escobar","Panama","player"
"PAN05","Andres Andrade","Panama","player"
"PAN06","Michael Amir Murillo","Panama","player"
"PAN07","Eric Davis","Panama","player"
"PAN08","Jose Cordoba","Panama","player"
"PAN09","Cesar Blackman","Panama","player"
"PAN10","Cristian Martinez","Panama","player"
"PAN11","Aníbal Godoy","Panama","player"
"PAN12","Adalberto Carrasquilla","Panama","player"
"PAN13","Team Photo","Panama","player"
"PAN14","Édgar Bárcenas","Panama","player"
"PAN15","Carlos Harvey","Panama","player"
"PAN16","Ismael Díaz","Panama","player"
"PAN17","Jose Fajardo","Panama","player"
"PAN18","Cecilio Waterman","Panama","player"
"PAN19","Jose Luiz Rodriguez","Panama","player"
"PAN20","Alberto Quintero","Panama","player"
"FWC09","Italy 1934","FIFA World Cup History","fwc_special"
"FWC10","Uruguay 1950","FIFA World Cup History","fwc_special"
"FWC11","West Germany 1954","FIFA World Cup History","fwc_special"
"FWC12","Brazil 1962","FIFA World Cup History","fwc_special"
"FWC13","West Germany 1974","FIFA World Cup History","fwc_special"
"FWC14","Argentina 1986","FIFA World Cup History","fwc_special"
"FWC15","Brazil 1994","FIFA World Cup History","fwc_special"
"FWC16","Brazil 2002","FIFA World Cup History","fwc_special"
"FWC17","Italy 2006","FIFA World Cup History","fwc_special"
"FWC18","Germany 2014","FIFA World Cup History","fwc_special"
"FWC19","Argentina 2022","FIFA World Cup History","fwc_special"
"CC-US01","Lamine Yamal","Spain","cocacola_us"
"CC-US02","Joshua Kimmich","Germany","cocacola_us"
"CC-US03","Harry Kane","England","cocacola_us"
"CC-US04","Santiago Giménez","Mexico","cocacola_us"
"CC-US05","Antonee Robinson","USA","cocacola_us"
"CC-US06","Jefferson Lerma","Colombia","cocacola_us"
"CC-US07","Edson Álvarez","Mexico","cocacola_us"
"CC-US08","Virgil van Dijk","Netherlands","cocacola_us"
"CC-US09","Alphonso Davies","Canada","cocacola_us"
"CC-US10","Weston McKennie","USA","cocacola_us"
"CC-US11","Lautaro Martínez","Argentina","cocacola_us"
"CC-US12","Gabriel Magalhães","Brazil","cocacola_us"
"CC-LAM01","Lamine Yamal","Spain","cocacola_lam"
"CC-LAM02","Joshua Kimmich","Germany","cocacola_lam"
"CC-LAM03","Harry Kane","England","cocacola_lam"
"CC-LAM04","Santiago Giménez","Mexico","cocacola_lam"
"CC-LAM05","Josko Gvardiol","Croatia","cocacola_lam"
"CC-LAM06","Federico Valverde","Uruguay","cocacola_lam"
"CC-LAM07","Jefferson Lerma","Colombia","cocacola_lam"
"CC-LAM08","Enner Valencia","Ecuador","cocacola_lam"
"CC-LAM09","Gabriel Magalhães","Brazil","cocacola_lam"
"CC-LAM10","Virgil van Dijk","Netherlands","cocacola_lam"
"CC-LAM11","Alphonso Davies","Canada","cocacola_lam"
"CC-LAM12","Emiliano Martinez","Argentina","cocacola_lam"
"CC-LAM13","Raúl Jiménez","Mexico","cocacola_lam"
"CC-LAM14","Lautaro Martínez","Argentina","cocacola_lam"
"CC-RW01","Lamine Yamal","Spain","cocacola_rw"
"CC-RW02","Joshua Kimmich","Germany","cocacola_rw"
"CC-RW03","Harry Kane","England","cocacola_rw"
"CC-RW04","Edson Álvarez","Mexico","cocacola_rw"
"CC-RW05","Josko Gvardiol","Croatia","cocacola_rw"
"CC-RW06","Federico Valverde","Uruguay","cocacola_rw"
"CC-RW07","Jefferson Lerma","Colombia","cocacola_rw"
"CC-RW08","Enner Valencia","Ecuador","cocacola_rw"
"CC-RW09","Jordan Ayew","Ghana","cocacola_rw"
"CC-RW10","Virgil van Dijk","Netherlands","cocacola_rw"
"CC-RW11","Alphonso Davies","Canada","cocacola_rw"
"CC-RW12","Weston McKennie","USA","cocacola_rw"
"CC-RW13","Eduardo Camavinga","France","cocacola_rw"
"CC-RW14","Lautaro Martínez","Argentina","cocacola_rw"
"CC-EU01","Lamine Yamal","Spain","cocacola_eu"
"CC-EU02","Joshua Kimmich","Germany","cocacola_eu"
"CC-EU03","Eduardo Camavinga","France","cocacola_eu"
"CC-EU04","Josko Gvardiol","Croatia","cocacola_eu"
"CC-EU05","Federico Valverde","Uruguay","cocacola_eu"
"CC-EU06","Virgil van Dijk","Netherlands","cocacola_eu"
"CC-EU07","Alphonso Davies","Canada","cocacola_eu"
"CC-EU08","Raúl Jiménez","Mexico","cocacola_eu"
"CC-EU09","William Saliba","France","cocacola_eu"
"CC-EU10","Lautaro Martínez","Argentina","cocacola_eu"
"CC-EU11","Harry Kane","England","cocacola_eu"
"CC-EU12","Antonee Robinson","USA","cocacola_eu"
"ARG13mc","Team Photo","Argentina","player"
"AUS13mc","Team Photo","Australia","player"
"BEL13mc","Team Photo","Belgium","player"
"BRA13mc","Team Photo","Brazil","player"
"CAN13mc","Team Photo","Canada","player"
"CIV13mc","Team Photo","Ivory Coast","player"
"COL13mc","Team Photo","Colombia","player"
"CRO13mc","Team Photo","Croatia","player"
"ECU13mc","Team Photo","Ecuador","player"
"ENG13mc","Team Photo","England","player"
"ESP13mc","Team Photo","Spain","player"
"FRA13mc","Team Photo","France","player"
"GER13mc","Team Photo","Germany","player"
"GHA13mc","Team Photo","Ghana","player"
"JPN13mc","Team Photo","Japan","player"
"KOR13mc","Team Photo","South Korea","player"
"RSA13mc","Team Photo","Saudi Arabia","player"
"MAR13mc","Team Photo","Morocco","player"
"MEX13mc","Team Photo","Mexico","player"
"NED13mc","Team Photo","Netherlands","player"
"NOR13mc","Team Photo","Norway","player"
"PAN13mc","Team Photo","Panama","player"
"QAT13mc","Team Photo","Qatar","player"
"SEN13mc","Team Photo","Senegal","player"
"SUI13mc","Team Photo","Switzerland","player"
"TUN13mc","Team Photo","Tunisia","player"
"URU13mc","Team Photo","Uruguay","player"
"USA13mc","Team Photo","USA","player"
"UZB13mc","Team Photo","Uzbekistan","player"
"LM","Lionel Messi","Argentina","player"
"JD","Jérémy Doku","Belgium","player"
"VJ","Vinícíús Júnior","Brazil","player"
"AD","Alphonso Davies","Canada","player"
"LD","Luis Díaz","Colombia","player"
"LMO","Luka Modrić","Croatia","player"
"MC","Moisés Caicedo","Ecuador","player"
"MS","Mohamed Salah","Egypt","player"
"JB","Jude Bellingham","England","player"
"KM","Kylian Mbappé","France","player"
"FW","Florian Wirtz","Germany","player"
"RJ","Raúl Jiménez","Mexico","player"
"AH","Achraf Hakimi","Morocco","player"
"EH","Erling Haaland","Norway","player"
"CG","Cody Gakpo","Netherlands","player"
"CR","Cristiano Ronaldo","Portugal","player"
"HS","Heung-min Son","South Korea","player"
"LY","Lamine Yamal","Spain","player"
"CP","Christian Pulisic","USA","player"
"FV","Federico Valverde","Uruguay","player"
"LM-b","Lionel Messi","Argentina","extra_bronze"
"JD-b","Jérémy Doku","Belgium","extra_bronze"
"VJ-b","Vinícíús Júnior","Brazil","extra_bronze"
"AD-b","Alphonso Davies","Canada","extra_bronze"
"LD-b","Luis Díaz","Colombia","extra_bronze"
"LMO-b","Luka Modrić","Croatia","extra_bronze"
"MC-b","Moisés Caicedo","Ecuador","mcdonalds"
"MS-b","Mohamed Salah","Egypt","extra_bronze"
"JB-b","Jude Bellingham","England","extra_bronze"
"KM-b","Kylian Mbappé","France","extra_bronze"
"FW-b","Florian Wirtz","Germany","extra_bronze"
"RJ-b","Raúl Jiménez","Mexico","extra_bronze"
"AH-b","Achraf Hakimi","Morocco","extra_bronze"
"EH-b","Erling Haaland","Norway","extra_bronze"
"CG-b","Cody Gakpo","Netherlands","extra_bronze"
"CR-b","Cristiano Ronaldo","Portugal","extra_bronze"
"HS-b","Heung-min Son","South Korea","extra_bronze"
"LY-b","Lamine Yamal","Spain","extra_bronze"
"CP-b","Christian Pulisic","USA","extra_bronze"
"FV-b","Federico Valverde","Uruguay","extra_bronze"
"LM-s","Lionel Messi","Argentina","extra_silver"
"JD-s","Jérémy Doku","Belgium","extra_silver"
"VJ-s","Vinícíús Júnior","Brazil","extra_silver"
"AD-s","Alphonso Davies","Canada","extra_silver"
"LD-s","Luis Díaz","Colombia","extra_silver"
"LMO-s","Luka Modrić","Croatia","extra_silver"
"MC-s","Moisés Caicedo","Ecuador","mcdonalds"
"MS-s","Mohamed Salah","Egypt","extra_silver"
"JB-s","Jude Bellingham","England","extra_silver"
"KM-s","Kylian Mbappé","France","extra_silver"
"FW-s","Florian Wirtz","Germany","extra_silver"
"RJ-s","Raúl Jiménez","Mexico","extra_silver"
"AH-s","Achraf Hakimi","Morocco","extra_silver"
"EH-s","Erling Haaland","Norway","extra_silver"
"CG-s","Cody Gakpo","Netherlands","extra_silver"
"CR-s","Cristiano Ronaldo","Portugal","extra_silver"
"HS-s","Heung-min Son","South Korea","extra_silver"
"LY-s","Lamine Yamal","Spain","extra_silver"
"CP-s","Christian Pulisic","USA","extra_silver"
"FV-s","Federico Valverde","Uruguay","extra_silver"
"LM-g","Lionel Messi","Argentina","extra_gold"
"JD-g","Jérémy Doku","Belgium","extra_gold"
"VJ-g","Vinícíús Júnior","Brazil","extra_gold"
"AD-g","Alphonso Davies","Canada","extra_gold"
"LD-g","Luis Díaz","Colombia","extra_gold"
"LMO-g","Luka Modrić","Croatia","extra_gold"
"MC-g","Moisés Caicedo","Ecuador","mcdonalds"
"MS-g","Mohamed Salah","Egypt","extra_gold"
"JB-g","Jude Bellingham","England","extra_gold"
"KM-g","Kylian Mbappé","France","extra_gold"
"FW-g","Florian Wirtz","Germany","extra_gold"
"RJ-g","Raúl Jiménez","Mexico","extra_gold"
"AH-g","Achraf Hakimi","Morocco","extra_gold"
"EH-g","Erling Haaland","Norway","extra_gold"
"CG-g","Cody Gakpo","Netherlands","extra_gold"
"CR-g","Cristiano Ronaldo","Portugal","extra_gold"
"HS-g","Heung-min Son","South Korea","extra_gold"
"LY-g","Lamine Yamal","Spain","extra_gold"
"CP-g","Christian Pulisic","USA","extra_gold"
"FV-g","Federico Valverde","Uruguay","extra_gold"